Sch #,year,WHITE COUNT,BLACK COUNT,HISPANIC COUNT,ASIAN COUNT,ISLANDER COUNT,AMERICAN INDIAN COUNT,MULTI COUNT,TOTAL COUNT,MALE COUNT,FEMALE COUNT,GRADE 12 COUNT,Attendance-Number of Absences-0,Attendance-Number of Absences-0_1-5,Attendance-Number of Absences-0_6-10,Attendance-Number of Absences_Percent Attendance,Movement-Transfer IN from-New,Movement-Transfer IN from-New_Within,Movement-Transfer IN from-New_Outside,Movement-Transfer IN from-New_Private,Movement-Transfer OUT to-Within,Movement-Transfer OUT to-outside,Movement-Transfer OUT to-Within_Private,Movement-Transfer OUT to-Within_other,Movement-Transfer OUT to-Within_DNE,Mobility Index,Suspensions-Duplicated-Outdoor,Suspensions-Duplicated-_Indoor,Suspensions_Unduplicated-Outdoor,Suspensions_Unduplicated-Indoor,Attendance-Number of Absences-0_Unexcuse 11+,ELL TOTAL,SWD TOTAL,GIFTED TOTAL,FREE & REDUCED TOTAL,Total Federal Graduation Rate,ZIPCODE
7011,2012,80,546,1261,24,0,1,5,1917,900,1017,416,54,472,475,93.61,124,127,122,1,199,111,30,30,36,29,391,1069,268,684,563,233,225,115,1470,85.6,33015
7011,2013,71,555,1322,23,0,1,3,1975,1063,912,448,28,347,436,93.22,122,114,115,4,164,111,39,3,16,26,157,405,125,316,751,261,243,120,1601,88,33015
7011,2014,75,578,1436,27,0,1,1,2118,1145,973,526,55,443,512,93.52,114,118,117,4,149,83,40,6,7,25,155,1368,120,763,1103,311,257,128,1769,87.7,33015
7011,2015,69,592,1448,27,0,0,4,2140,1151,989,505,47,384,439,92.45,125,116,108,0,150,137,7,19,19,26,292,1878,225,879,834,313,243,116,1773,80.8,33015
7011,2016,63,609,1413,25,1,0,4,2115,1139,976,507,78,488,450,93.48,146,87,125,1,147,93,9,31,36,23,0,0,0,0,688,332,257,109,1695,77.7,33015
7011,2017,51,577,1465,22,1,0,5,2121,1134,987,519,48,377,471,92.42,155,136,116,0,129,115,13,56,27,23,0,0,0,0,763,321,242,96,1766,80.5,33015
7011,2018,34,566,1443,24,1,0,6,2074,1079,995,562,52,338,391,91.99,115,94,83,1,120,113,5,25,16,22,0,0,0,0,759,320,230,98,1860,87.2,33015
7011,2019,43,533,1373,14,1,0,14,1978,1025,953,498,51,362,417,92.24,90,89,89,3,103,97,5,41,20,21,0,0,0,0,696,292,237,95,1558,84.6,33015
7011,2020,36,551,1322,14,2,1,24,1950,961,989,491,38,400,369,92.06,88,101,70,1,161,89,10,20,16,22,0,0,0,0,657,270,222,101,1524,92.9,33015
7011,2021,36,523,1119,14,1,0,21,1714,834,880,474,122,453,346,88.09,61,57,46,5,128,63,37,11,1,21,0,0,0,0,720,202,227,88,1420,96.7,33015
7011,2022,33,484,1138,11,0,0,16,1682,842,840,415,98,247,360,88.94,151,102,144,6,111,59,105,7,3,32,0,0,0,0,777,241,235,95,1424,96.2,33015
7011,2023,19,497,1075,9,0,1,10,1611,800,811,391,83,248,323,88.12,254,116,181,6,85,77,152,5,0,30,113,697,88,416,859,289,202,92,1064,98.9,33015
7011,2024,20,497,1067,8,0,1,5,1598,834,764,396,69,231,303,88.28,174,135,128,5,100,70,130,2,0,30,142,129,121,114,915,324,224,62,1033,100,33015
7048,2012,481,339,786,24,1,1,2,1634,819,815,263,51,365,339,92.98,127,55,117,5,55,84,26,22,33,20,272,304,162,209,616,141,110,160,920,90.4,33160
7048,2013,514,363,896,19,1,1,2,1796,900,896,400,40,301,360,92.19,140,81,117,11,103,91,59,25,41,23,122,22,94,21,717,166,119,141,1076,87.7,33160
7048,2014,441,346,875,24,1,1,3,1691,858,833,425,32,299,376,92.38,103,73,63,3,95,73,59,14,32,21,201,1038,130,568,935,184,105,208,1098,87.6,33160
7048,2015,403,311,864,24,0,0,4,1606,849,757,419,29,301,303,92.41,109,64,88,7,70,88,56,35,7,24,156,1108,125,475,523,215,97,74,1062,88.9,33160
7048,2016,407,283,831,21,0,0,7,1549,828,721,356,31,351,382,93.76,116,44,88,5,69,72,30,14,23,19,0,587,0,301,409,159,94,81,981,92.4,33160
7048,2017,392,307,867,24,0,0,8,1598,854,744,357,32,332,379,93.47,146,59,89,7,50,76,30,20,16,20,0,527,0,264,513,183,100,99,1002,91.8,33160
7048,2018,431,294,937,23,0,1,9,1695,871,824,371,31,353,363,92.83,116,73,89,7,62,82,27,26,16,23,0,527,0,275,594,240,107,111,1158,92.1,33160
7048,2019,418,285,973,25,0,2,11,1714,868,846,389,41,414,381,94.02,125,61,94,7,50,68,19,28,60,20,0,358,0,236,504,228,113,128,1050,91.7,33160
7048,2020,425,244,977,28,0,2,13,1689,872,817,427,33,375,347,93.02,94,50,79,11,51,59,19,20,34,16,0,333,0,215,501,209,115,172,1015,95.1,33160
7048,2021,392,213,862,28,0,1,17,1513,801,712,393,93,660,290,92.13,72,37,53,7,74,61,21,14,8,29,0,0,0,0,491,167,107,187,934,95.2,33160
7048,2022,390,258,852,26,0,2,14,1542,793,749,382,83,233,357,89.56,178,40,104,25,66,57,20,8,11,21,0,819,0,321,733,184,129,188,1043,92.2,33160
7048,2023,391,252,893,28,0,1,17,1582,810,772,342,112,238,370,89.41,192,74,119,12,49,77,38,11,6,22,66,48,55,44,724,273,120,163,794,92.6,33160
7048,2024,371,234,905,17,1,0,13,1541,781,760,354,124,204,398,89.69,144,93,108,23,50,84,40,4,10,24,91,182,83,149,706,292,122,147,774,89.6,33160
7049,2012,37,33,1808,3,0,0,0,1881,1000,881,418,98,515,407,94.83,127,92,106,3,116,58,18,115,29,22,98,485,86,319,418,564,125,113,1546,69.3,33012
7049,2013,41,29,1976,2,0,0,1,2049,1004,1045,419,78,561,485,94.08,162,86,136,1,119,46,9,91,11,21,129,390,105,239,499,644,140,116,1797,70.2,33012
7049,2014,39,25,2041,1,0,0,1,2107,1038,1069,490,77,498,569,93.09,135,87,95,2,100,66,10,93,10,19,116,619,96,321,926,678,136,142,1911,66.7,33012
7049,2015,28,19,1944,3,0,0,2,1996,1002,994,405,58,429,482,93.07,156,97,94,4,179,74,17,135,8,25,121,527,86,306,604,675,108,113,1743,68,33012
7049,2016,27,21,1964,4,0,0,2,2018,1022,996,494,60,439,445,93.08,126,100,88,1,129,53,39,33,21,19,0,188,0,149,579,477,110,161,1783,76.1,33012
7049,2017,13,14,1814,5,0,1,1,1848,938,910,427,37,341,413,92.59,85,63,62,5,104,61,19,23,12,18,0,150,0,106,625,511,88,139,1686,79.6,33012
7049,2018,17,15,1672,5,0,0,2,1711,869,842,419,40,255,356,92.37,41,63,39,3,106,64,3,26,21,17,0,200,0,130,633,478,85,114,1587,85.7,33012
7049,2019,14,21,1537,4,0,0,4,1580,817,763,448,25,247,298,92.69,63,71,50,0,124,70,7,8,12,21,0,163,0,124,616,435,92,79,1361,82.7,33012
7049,2020,14,21,1327,3,0,0,2,1367,698,669,332,41,353,278,94.77,58,76,35,3,102,44,10,8,15,19,0,259,0,174,365,344,100,47,1161,90.7,33012
7049,2021,17,29,1165,3,0,0,2,1216,604,612,329,52,215,241,86.66,28,87,31,1,60,46,10,6,9,18,0,4,0,4,697,310,125,39,1085,90.3,33012
7049,2022,12,23,1079,2,0,0,3,1119,557,562,302,54,174,231,88.62,70,84,45,5,89,31,16,20,25,25,0,11,0,10,499,253,126,34,1005,87.5,33012
7049,2023,12,19,1092,2,0,0,0,1125,562,563,249,46,221,255,87.63,181,67,138,4,75,88,41,3,14,30,51,18,40,17,506,353,133,42,832,87.6,33012
7049,2024,10,15,1056,0,0,0,0,1081,556,525,203,61,196,266,89.05,123,85,101,8,96,84,43,3,1,31,32,6,32,6,469,383,126,46,764,90.9,33012
7051,2012,149,68,2936,33,0,3,2,3191,1523,1668,760,127,780,754,94.76,119,6,226,8,155,75,21,100,5,17,250,1442,190,760,776,348,446,413,2379,79,33185
7051,2013,148,54,3013,32,0,3,3,3253,1695,1558,769,78,751,832,94.24,158,17,274,12,179,107,37,51,16,17,175,1404,140,729,838,330,464,397,2535,81.5,33185
7051,2014,140,44,3173,23,0,5,2,3387,1777,1610,749,109,766,903,93.29,138,9,247,7,160,82,17,78,19,16,212,1254,172,665,1592,385,482,404,2644,75.1,33185
7051,2015,134,39,3339,28,0,4,2,3546,1834,1712,793,89,729,850,93.01,137,14,195,5,160,65,66,29,2,14,221,1387,163,722,1166,405,481,454,2722,82.1,33185
7051,2016,134,34,3308,28,0,5,4,3513,1839,1674,861,86,739,862,93.15,173,4,240,4,126,77,112,53,52,16,0,1091,0,575,1020,344,461,477,2683,87.4,33185
7051,2017,121,24,3279,24,0,7,4,3459,1788,1671,910,63,608,809,92.8,156,4,244,4,127,72,95,31,17,15,0,1224,0,567,1136,404,426,474,2717,89.5,33185
7051,2018,125,34,3097,24,0,1,3,3284,1719,1565,886,58,538,675,91.91,100,6,186,6,77,78,84,23,25,14,0,994,0,510,1189,329,422,516,2640,95.6,33185
7051,2019,115,24,2923,16,0,2,3,3083,1594,1489,789,54,511,652,91.63,63,7,171,2,89,66,49,25,22,12,0,721,0,425,1133,313,373,519,2324,91.8,33185
7051,2020,93,19,2854,17,0,3,8,2994,1532,1462,813,44,504,574,91.51,68,41,100,4,86,48,36,29,42,12,0,543,0,344,1097,265,394,511,2175,95,33185
7051,2021,83,13,2647,16,0,1,7,2767,1440,1327,718,148,725,550,87.52,34,54,32,3,37,32,48,12,13,8,0,54,0,43,1239,198,404,459,2112,93.5,33185
7051,2022,62,11,2470,18,1,1,7,2570,1338,1232,690,87,311,517,88.03,109,132,80,15,104,58,73,13,49,19,0,373,0,236,1367,157,360,420,2001,92.7,33185
7051,2023,44,13,2371,16,1,0,10,2455,1288,1167,671,60,330,486,89,197,80,146,6,88,79,57,8,20,16,22,286,21,212,1210,264,337,364,1475,93.6,33185
7051,2024,35,11,2213,10,1,0,3,2273,1189,1084,592,79,309,448,89.79,145,94,89,11,84,63,28,11,15,15,19,225,16,162,1147,319,299,346,1349,93.9,33185
7071,2012,343,194,2653,36,1,0,2,3229,1586,1643,662,111,815,741,94.26,210,197,166,18,192,94,92,78,46,21,349,612,279,436,857,507,248,585,2219,80.2,33146
7071,2013,364,193,2757,33,1,0,1,3349,1650,1699,823,99,778,746,93.99,195,123,165,21,142,80,137,29,18,19,219,505,187,399,862,536,283,584,2401,85.1,33146
7071,2014,369,198,2682,34,0,1,1,3285,1595,1690,773,117,790,879,92.94,181,134,139,22,134,107,97,68,14,19,272,525,204,381,1457,530,276,605,2363,79.2,33146
7071,2015,339,211,2745,32,0,1,3,3331,1649,1682,802,62,566,655,91.74,173,112,134,15,167,126,86,63,0,18,215,485,180,342,1194,535,291,645,2259,84.7,33146
7071,2016,309,235,2759,31,0,1,5,3340,1687,1653,787,60,647,689,92.39,214,130,138,14,155,125,101,63,19,18,0,489,0,343,1115,473,296,630,2404,86.7,33146
7071,2017,316,217,2781,29,0,1,8,3352,1699,1653,773,67,576,675,91.48,190,110,106,19,158,99,40,72,0,15,0,548,0,383,1204,480,295,645,2431,87.3,33146
7071,2018,290,187,2760,31,0,1,12,3281,1623,1658,830,46,531,664,90.8,165,107,114,15,141,101,28,119,1,17,0,562,0,396,1183,429,300,636,2491,87.8,33146
7071,2019,298,195,2606,23,0,1,11,3134,1559,1575,779,68,665,622,92.61,156,85,120,15,167,115,29,72,17,16,0,566,0,390,948,417,300,640,2117,89.5,33146
7071,2020,295,148,2551,24,0,0,14,3032,1502,1530,780,65,661,610,92.82,116,100,88,11,113,54,43,36,0,14,0,404,0,298,890,391,278,626,1979,93.3,33146
7071,2021,283,157,2447,21,0,0,16,2924,1467,1457,726,233,1016,640,91.95,67,57,46,6,78,49,31,21,6,15,0,34,0,33,964,330,287,579,2040,93.7,33146
7071,2022,272,141,2376,27,0,0,13,2829,1432,1397,692,106,535,707,90.61,183,121,122,9,115,72,82,26,12,19,0,455,0,308,1040,361,277,531,1949,92.6,33146
7071,2023,268,121,2381,26,0,0,14,2810,1459,1351,681,107,534,740,91.03,231,95,140,17,110,66,68,11,4,17,23,483,16,323,1003,385,268,535,1541,96.7,33146
7071,2024,279,131,2397,20,1,0,21,2849,1482,1367,705,147,569,840,92.35,154,93,98,5,88,57,63,12,1,15,46,557,33,344,901,424,283,500,1582,96.6,33146
7090,2021,14,7,1011,0,0,0,0,1032,505,527,250,88,360,197,90.89,0,4,1,0,0,1,0,0,1,3,0,2,0,2,339,73,34,88,926,98,33010
7090,2024,11,10,986,1,0,0,0,1008,510,498,231,20,109,207,89.54,9,15,2,3,25,18,3,2,2,7,33,69,29,57,336,92,57,86,876,95.8,33010
7101,2012,577,506,1866,125,3,5,40,3122,1676,1446,684,329,1344,620,97.28,33,10,2,0,47,16,8,7,6,4,106,224,99,181,161,11,171,1105,1313,98,33157
7101,2013,608,456,1925,120,3,4,40,3156,1442,1714,711,321,1327,666,97.31,32,10,4,0,61,12,6,3,8,4,38,199,36,158,145,11,187,1096,1340,97.8,33157
7101,2014,621,428,1980,118,1,3,37,3188,1458,1730,800,238,1369,1094,96.54,29,15,1,0,64,11,5,6,5,4,41,225,40,166,467,17,181,1148,1370,98.1,33157
7101,2015,582,383,2048,113,1,4,50,3181,1406,1775,746,297,1225,742,96.67,32,13,0,0,64,17,5,2,2,4,39,163,38,134,173,22,178,1125,1374,98.5,33157
7101,2016,573,367,2223,120,1,2,50,3336,1469,1867,698,293,1316,825,96.56,34,11,1,0,49,17,5,6,3,3,0,135,0,123,203,10,186,1178,1471,98.1,33157
7101,2017,569,338,2240,123,2,5,44,3321,1475,1846,760,264,1240,826,96.48,16,13,0,0,68,12,4,2,1,4,0,147,0,121,240,12,170,1191,1542,99.2,33157
7101,2018,561,310,2271,128,2,6,46,3324,1462,1862,785,214,1142,865,95.77,26,26,1,3,41,15,6,5,1,5,0,180,0,139,326,13,172,1215,1691,99.6,33157
7101,2019,567,308,2335,117,1,4,48,3380,1505,1875,873,213,1191,763,96.22,26,13,0,1,62,14,0,8,4,3,0,185,0,156,334,12,185,1267,1467,99.4,33157
7101,2020,515,328,2352,106,3,3,42,3349,1451,1898,715,147,1251,837,96.01,13,13,1,4,47,14,5,9,6,4,0,112,0,101,408,20,176,1234,1457,99.6,33157
7101,2021,477,353,2450,112,2,3,49,3446,1493,1953,754,655,1447,735,96.72,20,16,0,0,33,6,7,1,0,2,0,11,0,9,308,8,180,1292,1669,99.5,33157
7101,2022,420,366,2339,97,2,3,49,3276,1441,1835,840,165,846,995,94.2,17,19,1,3,44,20,15,3,10,5,0,109,0,96,265,8,186,1198,1692,99.5,33157
7101,2023,358,349,2347,113,1,2,35,3205,1402,1803,820,150,980,1006,94.69,26,15,5,0,41,17,12,2,6,3,18,102,18,90,183,9,179,1177,1161,99.5,33157
7101,2024,347,323,2446,111,1,3,34,3265,1453,1812,760,167,965,1009,94.73,23,18,6,0,46,18,9,3,4,4,13,175,13,143,215,16,211,1186,1231,99.9,33157
7111,2012,66,145,2694,4,0,0,1,2910,1357,1553,613,69,645,641,92.57,126,164,94,5,190,74,33,24,17,17,337,2226,229,983,931,606,337,225,2520,71.9,33013
7111,2013,52,133,2763,4,0,0,0,2952,1578,1374,721,57,519,651,91.87,169,148,147,5,181,86,20,70,18,19,209,2655,164,1066,1000,666,387,234,2599,73.9,33013
7111,2014,56,137,2672,5,0,2,1,2873,1533,1340,755,56,538,733,91.95,151,153,146,4,182,81,101,25,9,21,315,2182,213,994,1469,694,363,228,2525,81.9,33013
7111,2015,53,148,2536,0,0,0,1,2738,1470,1268,728,42,338,478,91,164,171,114,9,199,113,79,47,24,23,283,1196,193,715,1153,663,353,198,2332,82,33013
7111,2016,43,148,2335,3,0,0,0,2529,1359,1170,685,48,508,563,93.26,150,124,115,1,121,86,82,50,39,21,0,32,0,27,749,551,338,162,2210,83.3,33013
7111,2017,49,154,2202,3,0,0,1,2409,1285,1124,627,23,349,459,90.78,136,123,111,10,168,77,87,24,24,23,0,114,0,106,920,569,324,135,2131,77.5,33013
7111,2018,40,168,2045,2,0,0,2,2257,1181,1076,663,28,306,471,90.39,76,155,73,11,133,55,68,14,23,22,2,659,2,422,845,496,313,102,2078,84.1,33013
7111,2019,37,135,1884,3,0,0,1,2060,1092,968,560,35,345,377,90.64,66,155,78,5,123,66,48,20,37,22,0,181,0,149,750,466,307,120,1717,85.5,33013
7111,2020,37,118,1841,2,0,0,1,1999,1048,951,509,36,323,341,89.8,52,101,29,5,128,49,39,15,31,18,0,132,0,112,803,397,308,122,1644,93.7,33013
7111,2021,40,93,1731,1,0,0,1,1866,1000,866,448,103,465,352,87.86,31,89,34,6,131,30,66,2,13,22,0,97,0,72,896,313,323,102,1625,93.6,33013
7111,2022,38,78,1563,3,0,0,0,1682,908,774,374,103,214,237,85.98,64,133,59,7,137,33,113,1,49,26,0,194,0,148,911,252,326,61,1469,94.7,33013
7111,2023,27,79,1635,3,0,0,0,1744,956,788,426,100,230,391,87.78,268,133,212,14,92,49,181,2,8,31,64,660,57,370,954,400,326,34,1182,96.6,33013
7111,2024,24,77,1573,4,0,0,0,1678,934,744,377,82,227,340,87.79,151,137,108,17,73,55,189,2,7,28,76,836,61,353,977,433,316,33,1116,98.8,33013
7121,2012,322,112,3643,91,0,5,3,4176,2108,2068,1035,213,1201,826,94.42,107,122,84,4,207,76,26,56,23,13,977,2064,436,900,920,269,405,766,2483,84.7,33185
7121,2013,298,99,3619,91,0,12,5,4124,2036,2088,960,168,1147,934,94.72,132,131,100,11,141,84,34,25,16,11,1114,1539,399,728,903,281,405,736,2573,86.1,33185
7121,2014,299,90,3701,89,0,12,4,4195,1998,2197,1078,218,1186,1088,93.97,131,133,98,6,155,75,51,29,25,11,534,1563,247,713,1662,272,412,792,2624,87.6,33185
7121,2015,250,86,3651,89,0,12,10,4098,1966,2132,975,155,1087,903,93.8,149,126,94,9,135,79,32,31,30,12,582,1412,249,654,994,265,381,772,2706,87.7,33185
7121,2016,241,83,3773,93,1,10,14,4215,2019,2196,1014,110,960,1034,93.61,191,113,126,3,118,96,55,11,18,11,0,1652,0,596,1072,313,396,780,2871,91.7,33185
7121,2017,235,90,3834,101,2,4,14,4280,2064,2216,1033,110,957,1047,93.61,163,114,101,8,149,95,31,19,7,12,0,1495,0,632,1132,283,389,770,2921,92.9,33185
7121,2018,227,90,3900,95,1,3,13,4329,2113,2216,1002,122,904,1020,93.11,124,95,69,20,171,102,36,29,8,11,0,1801,0,723,1236,272,385,803,3181,97.1,33185
7121,2019,230,74,3822,90,1,3,10,4230,2009,2221,985,168,948,1107,93.94,80,136,42,5,191,104,92,37,20,13,0,1708,0,746,959,232,380,820,2814,98.5,33185
7121,2020,201,72,3779,95,0,2,13,4162,1982,2180,1022,117,1000,897,94.25,73,87,41,12,117,54,31,14,14,9,0,1061,0,499,1115,224,400,797,2665,99,33185
7121,2021,177,59,3916,93,2,4,10,4261,2028,2233,959,683,2037,754,96.01,32,53,33,6,83,37,47,11,0,11,0,262,0,118,672,224,431,793,2945,99.1,33185
7121,2022,150,47,3864,93,2,4,12,4172,2009,2163,943,167,697,1012,91.83,120,106,85,2,156,70,39,4,10,12,0,2105,0,703,1229,211,442,773,2957,99.4,33185
7121,2023,140,51,4032,85,2,4,13,4327,2069,2258,912,139,714,1016,91.79,141,62,99,8,105,69,55,2,2,10,417,1867,202,701,1020,272,456,805,2199,99.7,33185
7121,2024,142,43,4020,70,2,4,13,4294,2013,2281,1042,110,573,973,91.39,115,90,77,8,168,91,54,6,0,11,324,1468,207,680,1211,326,485,780,2160,99.5,33185
7131,2012,57,380,1183,19,0,2,6,1647,756,891,350,41,321,309,92.14,90,132,78,7,199,55,13,39,23,28,293,386,186,271,574,248,213,103,1337,71.1,33014
7131,2013,67,352,1206,13,0,4,3,1645,881,764,404,47,273,307,91.95,63,133,59,4,136,56,67,8,14,25,238,423,171,297,604,241,227,111,1379,79.5,33014
7131,2014,62,363,1224,13,0,2,2,1666,887,779,359,56,352,356,91.73,79,142,62,6,134,59,61,7,5,27,227,205,167,166,876,238,238,158,1387,78.2,33014
7131,2015,57,371,1221,14,0,1,1,1665,884,781,376,42,259,273,90.81,79,103,68,2,138,62,102,11,19,27,218,155,165,123,696,225,239,140,1381,84.9,33014
7131,2016,50,370,1211,10,0,0,1,1642,873,769,366,64,364,386,94.25,92,92,87,5,119,65,125,15,18,28,0,22,0,19,446,204,233,143,1411,89.1,33014
7131,2017,37,323,1206,9,0,0,0,1575,856,719,376,54,323,355,93.89,100,96,75,1,143,53,68,8,9,27,0,83,0,79,467,213,229,149,1336,93.9,33014
7131,2018,40,299,1222,4,0,1,2,1568,844,724,326,41,301,303,93.05,59,96,52,4,121,51,37,6,13,26,0,86,0,77,592,219,239,120,1407,96.7,33014
7131,2019,32,279,1195,3,0,1,2,1512,825,687,377,32,234,273,92.95,47,96,53,4,128,49,49,10,13,24,0,192,0,155,566,205,232,119,1251,96.4,33014
7131,2020,36,285,1137,2,1,1,9,1471,814,657,341,35,312,290,93.12,63,124,59,6,99,39,33,9,0,25,0,226,0,175,514,198,231,112,1188,98.8,33014
7131,2021,31,287,1058,3,1,3,10,1393,793,600,357,93,306,278,88.99,28,94,35,7,139,60,53,12,9,47,0,15,0,15,660,206,253,86,1190,100,33014
7131,2022,26,261,960,10,1,2,6,1266,733,533,318,67,158,212,87.55,88,106,76,1,98,42,76,1,26,35,0,247,0,181,644,209,241,74,1120,99.6,33014
7131,2023,25,264,1033,13,1,2,4,1342,731,611,285,65,228,268,88.1,211,137,176,21,131,71,113,5,17,35,165,112,124,85,677,274,279,74,916,99.5,33014
7131,2024,28,217,1063,11,1,2,0,1322,726,596,267,115,218,273,87.94,188,121,135,23,93,73,136,4,19,37,245,189,167,145,643,346,285,55,909,97.8,33014
7141,2012,568,1136,967,55,2,5,0,2733,1381,1352,589,60,696,622,93.61,136,72,104,3,104,118,29,28,42,16,243,469,173,318,744,169,180,527,1481,88.6,33179
7141,2013,554,1120,901,58,2,3,5,2643,1288,1355,576,64,585,601,93.21,131,84,96,2,107,109,15,14,19,15,281,302,189,243,813,166,174,514,1530,90,33179
7141,2014,558,1086,923,61,2,1,7,2638,1272,1366,604,76,678,673,93.26,128,68,79,7,120,111,12,26,25,16,310,483,204,333,1171,193,152,537,1513,90.3,33179
7141,2015,581,1060,924,58,1,1,8,2633,1258,1375,567,102,651,596,93.88,184,57,106,7,131,125,9,31,35,17,196,557,150,349,683,184,154,539,1563,88.9,33179
7141,2016,596,1048,987,61,1,1,9,2703,1302,1401,563,92,703,612,93.77,188,61,89,6,127,94,17,18,27,15,0,450,0,293,698,158,152,596,1578,89.9,33179
7141,2017,615,1059,1016,56,2,1,10,2759,1312,1447,595,97,636,646,94.08,181,92,97,11,154,120,25,32,27,17,0,289,0,198,765,206,159,517,1692,90.9,33179
7141,2018,578,1007,973,54,2,1,9,2624,1290,1334,596,65,559,553,93.61,161,66,98,11,138,120,21,35,41,18,0,257,0,190,804,184,157,532,1726,93.4,33179
7141,2019,522,893,997,59,0,2,22,2495,1230,1265,613,56,531,499,93.55,145,80,112,7,153,111,13,34,42,18,0,319,0,228,761,191,168,478,1397,95,33179
7141,2020,462,867,966,47,1,1,31,2375,1202,1173,581,41,511,473,92.92,126,78,74,7,104,81,5,23,33,16,0,142,0,116,777,185,180,406,1340,95.7,33179
7141,2021,406,825,989,38,1,1,35,2295,1171,1124,553,99,619,460,88.75,102,63,81,2,124,65,21,13,8,18,0,28,0,23,1089,157,172,399,1425,96.4,33179
7141,2022,321,836,955,31,1,0,32,2176,1085,1091,494,120,268,373,86.98,220,131,119,4,163,120,23,12,58,26,0,150,0,128,1232,131,165,371,1450,91.1,33179
7141,2023,329,864,936,27,3,0,31,2190,1113,1077,449,117,277,432,88.32,184,92,120,7,157,107,7,7,25,21,5,165,5,148,1017,156,194,369,1120,93.8,33179
7141,2024,308,863,953,24,1,0,25,2174,1089,1085,545,141,350,474,89.77,192,117,132,12,133,101,40,3,21,23,95,75,88,71,856,227,181,327,1133,95,33179
7151,2012,69,827,969,11,0,1,1,1878,906,972,337,22,197,284,88.22,113,260,182,2,279,123,38,79,57,39,1165,526,621,373,1053,175,386,42,1711,66.8,33034
7151,2013,70,797,939,5,0,1,5,1817,948,869,455,23,222,260,88.46,90,235,121,8,317,106,16,15,91,38,765,595,438,391,869,150,390,55,1639,68,33034
7151,2014,62,714,895,4,1,3,5,1684,874,810,413,24,253,314,89.5,102,253,110,7,288,73,13,25,91,37,524,200,312,150,1082,147,374,64,1540,64,33034
7151,2015,51,751,877,4,1,2,7,1694,857,837,401,37,195,271,89.03,124,287,144,19,379,95,16,64,89,43,570,527,361,390,838,178,382,77,1523,68.4,33034
7151,2016,50,722,945,2,0,3,7,1729,884,845,394,38,321,336,92.68,121,221,132,2,332,120,15,22,86,38,0,45,0,44,699,171,401,74,1572,71.5,33034
7151,2017,53,740,994,2,0,2,7,1798,905,893,420,37,362,339,93.52,117,270,131,11,341,111,9,34,61,37,0,48,0,45,684,189,411,69,1660,73.4,33034
7151,2018,55,737,1123,6,0,1,11,1933,975,958,414,34,316,339,92.85,141,248,160,11,305,123,21,52,53,41,0,1,0,1,795,245,405,72,1824,83.6,33034
7151,2019,52,785,1134,9,1,1,12,1994,985,1009,469,31,331,359,93.19,121,224,132,13,250,123,14,40,42,33,0,0,0,0,807,195,403,68,1798,84,33034
7151,2020,48,767,1136,7,0,1,12,1971,1007,964,482,19,242,286,91.43,86,179,101,6,192,94,60,20,63,30,0,0,0,0,923,179,389,62,1750,92.8,33034
7151,2021,43,735,1056,6,0,0,15,1855,940,915,467,80,320,288,85.31,31,128,72,14,180,71,88,15,19,42,0,0,0,0,1208,135,395,51,1690,93.9,33034
7151,2022,52,692,960,6,0,0,11,1721,865,856,381,104,256,370,88.5,116,216,131,12,146,77,197,17,64,42,1,0,1,0,1010,141,370,52,1585,97.1,33034
7151,2023,71,774,1131,2,0,1,16,1995,1029,966,404,89,358,443,90.76,184,210,170,15,143,93,227,12,52,33,105,0,96,0,1000,220,423,60,1516,99.4,33034
7151,2024,54,909,1281,2,1,1,20,2268,1176,1092,481,107,341,507,90.77,178,251,171,32,120,112,197,13,38,32,184,892,146,564,1193,270,460,93,1689,98.9,33034
7191,2012,64,28,2438,21,0,0,0,2551,1268,1283,465,174,717,593,95.07,125,148,112,1,130,69,7,61,15,18,229,0,180,0,601,442,214,201,2139,77,33018
7191,2013,69,31,2802,18,0,1,0,2921,1492,1429,612,121,757,665,94.5,137,105,126,3,109,67,37,45,14,16,159,0,123,0,749,510,249,225,2434,81.2,33018
7191,2014,63,23,2863,19,0,1,0,2969,1491,1478,596,146,742,816,93.83,105,115,93,2,125,101,41,121,24,17,217,21,169,21,1221,467,226,241,2471,78.7,33018
7191,2015,56,20,2974,16,0,0,0,3066,1536,1530,662,176,824,701,94.36,148,120,120,1,140,83,10,84,16,17,253,33,180,33,666,470,216,208,2550,80.9,33018
7191,2016,47,18,2976,12,0,0,0,3053,1487,1566,704,140,814,734,94.78,132,93,100,5,126,73,12,113,16,15,0,17,0,17,604,394,201,215,2554,81.6,33018
7191,2017,53,21,2846,17,0,0,1,2938,1445,1493,749,138,751,702,94.63,105,96,79,2,120,66,6,59,8,13,0,57,0,57,588,343,176,236,2459,86.4,33018
7191,2018,32,25,2762,13,0,0,0,2832,1446,1386,720,136,755,641,94.75,79,84,60,2,95,42,2,62,15,12,0,55,0,53,578,311,184,284,2461,88.2,33018
7191,2019,32,19,2611,12,0,0,0,2674,1373,1301,659,91,669,682,94.72,65,86,47,0,99,47,5,73,11,12,0,0,0,0,560,293,169,293,2150,89,33018
7191,2020,39,20,2547,9,0,0,2,2617,1307,1310,636,146,804,564,95.73,38,125,31,2,130,49,32,19,16,13,0,0,0,0,454,226,176,295,2156,92.1,33018
7191,2021,34,18,2514,5,0,0,2,2573,1259,1314,628,358,1196,539,96.33,19,28,16,0,95,31,23,6,0,7,0,0,0,0,413,157,190,295,2079,95.6,33018
7191,2022,43,8,2450,8,0,0,3,2512,1169,1343,622,82,357,573,90.86,80,98,55,0,114,53,66,2,4,15,0,0,0,0,1005,159,176,325,2090,96.1,33018
7191,2023,44,15,2725,9,0,0,2,2795,1324,1471,578,81,459,658,90.62,240,132,168,2,79,65,99,0,1,16,1,0,1,0,1117,310,201,400,1672,97.5,33018
7191,2024,33,18,2931,10,0,0,1,2993,1438,1555,649,110,465,693,91.18,183,110,150,1,59,63,200,0,0,17,27,1,26,1,1140,462,221,420,1792,98,33018
7201,2012,557,244,1521,38,1,1,6,2368,1195,1173,497,70,504,475,92.73,179,81,142,12,76,152,61,64,38,21,201,713,162,435,815,223,212,288,1749,74.8,33139
7201,2013,573,221,1573,40,2,2,6,2417,1219,1198,547,73,483,448,92.55,180,111,137,13,102,131,27,52,37,21,116,571,98,370,884,265,226,526,1687,79.4,33139
7201,2014,570,204,1570,37,1,2,9,2393,1206,1187,577,48,503,572,91.9,189,107,136,12,93,144,28,96,0,22,115,302,94,231,1231,278,211,523,1693,75.3,33139
7201,2015,523,194,1539,39,1,2,5,2303,1194,1109,520,36,408,404,90.7,197,84,124,9,132,124,44,49,21,23,93,335,79,263,901,328,185,509,1649,77.1,33139
7201,2016,560,195,1597,44,0,3,9,2408,1276,1132,542,55,390,447,91.16,222,105,157,11,127,148,21,46,15,23,0,408,0,296,965,322,186,543,1692,82.5,33139
7201,2017,586,162,1625,40,0,2,16,2431,1333,1098,546,33,344,475,90.26,262,96,194,7,143,164,20,68,8,23,0,213,0,163,1020,387,185,423,1714,79.1,33139
7201,2018,608,144,1567,34,0,0,12,2365,1291,1074,584,44,324,454,90.15,198,90,142,11,114,127,16,50,40,22,0,181,0,155,1089,365,180,328,1621,85.3,33139
7201,2019,597,126,1552,38,0,1,9,2323,1299,1024,570,40,363,440,90.6,228,65,172,9,121,100,22,34,24,22,0,828,0,500,890,376,191,263,1468,85.7,33139
7201,2020,623,116,1574,40,0,1,14,2368,1301,1067,524,33,382,383,89.85,169,93,106,11,60,95,19,34,49,16,0,697,0,402,1029,382,211,224,1377,90.1,33139
7201,2021,607,95,1596,40,0,1,13,2352,1289,1063,525,122,528,421,84.57,83,49,68,7,38,98,27,23,0,15,0,0,0,0,1314,314,220,297,1457,94,33139
7201,2022,570,78,1487,38,0,1,17,2191,1185,1006,542,112,269,431,87.42,200,80,140,11,157,77,93,8,2,24,0,797,0,473,1418,305,196,311,1342,88.1,33139
7201,2023,577,83,1502,28,0,0,23,2213,1160,1053,530,112,333,436,87.49,191,96,146,12,73,90,31,9,67,17,58,6,52,5,1126,378,210,368,918,86.7,33139
7201,2024,559,73,1467,23,0,0,26,2148,1106,1042,502,118,286,385,86.84,150,79,131,9,64,95,45,20,44,18,146,316,124,236,1109,359,205,457,893,91.6,33139
7231,2012,12,1433,245,2,0,1,3,1696,910,786,321,32,353,316,91.14,67,196,112,4,319,99,35,23,33,38,526,341,349,262,678,54,205,114,1396,82.1,33056
7231,2013,11,1505,234,2,0,1,5,1758,808,950,406,25,233,311,89.49,74,160,95,8,175,88,49,8,51,33,474,459,315,331,776,57,226,109,1487,82.3,33056
7231,2014,12,1389,237,4,1,2,4,1649,790,859,407,29,292,377,90.48,49,139,69,8,205,92,37,9,11,32,484,610,325,396,920,68,227,100,1466,76.3,33056
7231,2015,15,1306,229,3,1,2,2,1558,781,777,390,13,213,255,89.4,62,150,93,6,214,87,21,11,52,35,336,855,245,522,693,77,206,103,1364,79.8,33056
7231,2016,14,1137,218,2,1,3,2,1377,709,668,386,17,223,258,92.25,61,166,98,5,202,72,36,28,53,37,0,46,0,45,489,52,173,103,1215,80.6,33056
7231,2017,14,987,207,2,2,2,3,1217,622,595,324,6,171,181,89.95,68,119,117,4,164,73,31,22,48,37,0,202,0,156,553,58,152,85,1081,78.3,33056
7231,2018,9,828,192,1,0,1,2,1033,533,500,244,12,214,200,91.66,58,103,86,6,170,67,8,29,46,44,0,152,0,111,364,48,142,73,972,84.8,33056
7241,2012,203,32,1966,35,0,1,4,2241,1098,1143,520,101,597,516,94.98,159,51,119,8,53,108,32,35,53,16,286,946,171,458,457,308,88,250,969,90.4,33178
7241,2013,179,30,1890,33,1,2,1,2136,1096,1040,564,72,525,476,94.7,150,59,104,6,38,105,20,18,2,16,77,824,62,400,442,316,85,242,977,91.6,33178
7241,2014,177,19,1837,32,1,2,2,2070,1048,1022,528,66,553,578,93.91,183,53,117,7,57,103,17,31,20,18,63,767,49,399,876,276,106,219,956,88.9,33178
7241,2015,169,22,1889,27,1,1,2,2111,1025,1086,537,54,474,459,93.25,243,48,172,12,59,101,14,61,38,19,61,766,53,434,563,337,102,199,996,89.8,33178
7241,2016,167,26,1960,28,1,1,6,2189,1097,1092,496,60,520,476,93.43,346,45,203,16,63,146,10,61,28,21,0,262,0,193,627,382,105,190,1038,85.4,33178
7241,2017,159,30,2150,32,0,1,3,2375,1208,1167,587,38,471,515,92.95,362,78,209,13,92,130,40,30,22,22,0,484,0,322,777,548,112,162,1198,91,33178
7241,2018,145,27,2318,36,0,2,6,2534,1315,1219,550,38,518,574,92.2,414,54,245,35,71,139,87,47,8,23,0,580,0,397,846,594,118,149,1502,93.1,33178
7241,2019,140,24,2338,39,0,2,9,2552,1302,1250,612,29,413,554,91.94,296,83,188,24,119,90,70,38,1,20,0,532,0,333,945,581,117,148,1283,92.7,33178
7241,2020,134,22,2219,37,0,4,7,2423,1235,1188,606,45,450,480,92.09,252,72,156,18,90,96,39,25,42,19,0,250,0,174,834,524,114,136,1115,95.4,33178
7241,2021,106,19,1873,29,0,2,4,2033,1031,1002,695,217,754,437,92.3,109,43,103,7,38,67,70,18,0,16,0,12,0,11,647,354,107,119,1008,96.3,33178
7241,2022,85,17,1634,22,0,1,3,1762,911,851,552,66,270,424,89.84,275,64,178,7,43,67,60,8,30,23,0,148,0,109,832,404,88,94,809,91.2,33178
7241,2023,68,22,1448,25,0,1,2,1566,820,746,552,67,200,294,88.7,134,77,82,7,45,63,75,4,20,20,17,73,17,62,981,367,96,86,498,90,33178
7241,2024,48,12,1242,17,0,1,2,1322,668,654,293,47,203,299,90.54,105,79,70,7,52,49,47,4,14,19,37,111,32,97,719,297,91,68,467,97.9,33178
7251,2012,6,1369,349,1,3,2,0,1730,797,933,338,17,235,342,89.49,79,192,109,2,298,67,6,10,101,35,459,451,295,320,837,204,259,78,1407,63,33147
7251,2013,13,1464,358,2,4,2,0,1843,1013,830,418,28,269,336,88.8,65,194,98,2,228,59,25,12,98,33,540,221,339,195,866,189,286,87,1599,70.1,33147
7251,2014,13,1556,368,2,3,1,1,1944,1069,875,494,20,264,381,88.59,85,166,84,4,203,58,26,27,90,33,489,363,325,289,1228,230,303,85,1670,70.1,33147
7251,2015,11,1445,344,3,1,0,2,1806,981,825,408,14,199,267,87.33,79,168,73,9,190,87,19,26,89,34,630,330,372,252,922,218,256,78,1557,72.6,33147
7251,2016,11,1403,333,2,2,0,3,1754,955,799,409,18,286,331,89.97,81,136,82,12,235,66,29,10,72,32,0,120,0,104,813,225,238,74,1556,73.4,33147
7251,2017,12,1400,339,2,3,0,3,1759,978,781,433,22,250,346,90.83,89,130,82,17,228,51,31,11,82,32,0,0,0,0,694,219,220,78,1597,72.5,33147
7251,2018,13,1333,334,1,3,0,5,1689,940,749,390,35,428,378,92.15,51,144,66,28,173,67,11,12,61,33,0,114,0,86,495,203,218,75,1613,83.2,33147
7251,2019,6,1247,318,0,3,0,5,1579,894,685,394,30,301,280,90.76,56,100,69,2,206,65,17,11,53,29,0,88,0,76,552,167,200,77,1358,84,33147
7251,2020,6,1084,349,0,0,0,11,1450,792,658,347,6,189,219,89.14,60,104,76,6,192,68,11,16,47,32,0,44,0,43,703,183,192,63,1269,91.6,33147
7251,2021,6,1034,333,0,0,1,16,1390,771,619,283,40,117,155,80.11,35,104,35,10,172,48,23,7,5,26,0,1,0,1,1120,161,214,58,1255,92.4,33147
7251,2022,14,1005,364,1,1,1,15,1401,758,643,315,102,93,190,83.17,91,36,211,6,209,45,36,11,71,40,0,103,0,92,1062,202,228,57,1267,88.9,33147
7251,2023,12,1006,333,0,0,1,10,1362,740,622,282,84,110,201,84.63,91,7,197,7,171,51,66,5,64,31,246,196,191,161,989,197,230,46,1011,86.3,33147
7251,2024,13,990,371,0,0,1,8,1383,720,663,294,100,117,196,82.57,127,99,222,2,167,37,71,7,57,35,253,142,202,123,1075,222,237,60,1011,95.9,33147
7271,2012,121,47,2694,15,0,2,1,2880,1381,1499,699,115,742,609,94.33,150,163,134,3,133,126,49,26,45,19,300,966,204,567,784,498,294,327,2216,78.7,33165
7271,2013,99,39,2791,16,0,1,1,2947,1525,1422,809,85,619,692,93.82,182,167,144,8,143,82,105,6,25,19,85,1268,78,654,834,537,328,300,2357,79.4,33165
7271,2014,91,23,2724,14,0,0,1,2853,1509,1344,719,113,690,727,93.13,190,179,138,5,150,99,52,21,47,20,74,331,71,247,1321,570,316,290,2341,79.8,33165
7271,2015,80,22,2670,10,0,0,0,2782,1486,1296,678,91,560,590,92.39,200,153,141,3,168,106,9,59,25,20,93,770,81,456,934,608,349,264,2258,79.2,33165
7271,2016,75,19,2578,8,0,0,0,2680,1456,1224,694,75,585,581,93.07,207,134,143,3,132,83,21,40,32,19,0,255,0,188,835,558,330,254,2200,79.6,33165
7271,2017,65,19,2495,9,1,0,1,2590,1452,1138,667,75,534,612,93.2,170,144,123,4,142,112,14,38,23,19,0,616,0,378,763,542,345,219,2147,80.1,33165
7271,2018,63,25,2432,7,1,0,1,2529,1421,1108,608,67,480,556,92.62,115,146,102,4,136,97,11,22,25,18,0,365,0,268,841,474,342,205,2152,88.2,33165
7271,2019,63,22,2391,7,1,0,2,2486,1400,1086,635,70,466,521,92.91,101,135,106,6,132,64,9,33,21,17,0,360,0,270,814,402,317,223,2013,88.8,33165
7271,2020,61,25,2307,9,1,0,2,2405,1341,1064,639,57,477,477,93.04,104,84,73,9,97,40,6,24,24,14,0,262,0,198,781,425,321,225,1858,91.8,33165
7271,2021,56,19,2170,9,0,0,1,2255,1234,1021,567,122,690,471,90.56,65,59,59,2,94,57,17,13,2,14,0,1,0,1,867,385,323,231,1826,88.6,33165
7271,2022,51,15,2080,12,0,0,2,2160,1194,966,559,77,340,447,89.81,146,99,120,3,144,51,22,6,26,21,0,254,0,185,988,410,322,203,1709,88.7,33165
7271,2023,44,8,2128,13,0,0,1,2194,1220,974,489,81,465,511,90.34,206,93,144,4,105,73,43,14,12,19,46,250,40,181,846,470,306,216,1331,93.8,33165
7271,2024,37,8,2088,13,0,0,1,2147,1210,937,495,97,414,463,92.1,150,95,94,6,216,62,50,2,29,22,64,367,58,278,807,509,294,189,1464,94.8,33165
7341,2012,10,371,757,1,0,1,0,1140,597,543,222,35,217,209,93.72,55,105,66,1,118,82,54,5,6,35,270,628,194,395,445,181,127,49,1079,90.9,33142
7341,2013,12,459,881,2,0,1,0,1355,684,671,272,28,199,245,91.97,80,174,95,1,137,60,47,7,37,36,305,626,226,433,624,209,172,57,1286,85,33142
7341,2014,10,480,950,2,0,0,1,1443,733,710,253,27,194,261,90.49,83,190,100,2,165,63,86,18,4,37,570,726,333,459,938,206,184,61,1339,87.1,33142
7341,2015,9,481,1074,3,0,0,2,1569,809,760,325,14,177,247,89.4,132,159,136,4,159,151,58,11,22,37,387,987,265,562,808,243,208,63,1438,87.4,33142
7341,2016,7,447,1061,4,0,0,0,1519,757,762,356,19,224,280,91.75,109,167,141,3,149,115,96,18,54,39,0,0,0,0,661,288,177,56,1438,85.2,33142
7341,2017,5,464,1108,2,1,0,0,1580,791,789,357,19,198,258,90.27,110,186,153,5,140,159,90,7,2,37,0,10,0,9,726,326,183,50,1442,74.6,33142
7341,2018,6,436,1050,1,1,0,0,1494,777,717,374,16,183,242,89.9,70,154,78,5,149,106,32,5,14,34,0,0,0,0,670,299,150,66,1422,85.6,33142
7341,2019,8,405,1063,1,1,0,1,1479,762,717,333,5,141,238,87.69,110,138,111,2,147,127,48,8,13,34,0,1,0,1,751,326,148,71,1411,80.1,33142
7341,2020,10,369,1084,1,0,0,4,1468,759,709,327,8,167,215,88.16,107,120,61,5,94,69,45,7,9,29,0,1,0,1,750,363,158,56,1435,89.5,33142
7341,2021,10,322,1050,2,0,0,4,1388,713,675,344,57,150,160,75.7,51,115,133,5,67,80,28,4,30,27,0,0,0,0,1116,356,139,50,1360,90.2,33142
7341,2022,13,251,1045,2,0,0,1,1312,700,612,301,48,87,164,80,121,150,113,7,133,72,66,20,24,41,0,0,0,0,1099,348,136,49,1192,80.1,33142
7341,2023,9,216,1049,0,1,0,0,1275,684,591,240,60,112,178,82.53,111,104,189,14,115,96,117,0,18,36,88,79,78,68,1018,394,156,47,804,84.6,33142
7341,2024,8,250,1022,1,0,0,1,1282,702,580,264,60,121,178,83.33,118,167,125,9,129,63,109,8,26,36,98,543,88,373,972,327,174,43,830,93.8,33142
7361,2012,495,548,1625,54,0,9,17,2748,1332,1416,713,104,601,496,93.47,109,127,153,11,175,108,80,46,32,22,318,1657,232,773,804,180,370,380,1534,87.3,33176
7361,2013,409,515,1507,45,0,6,16,2498,1275,1223,645,69,421,542,93.04,124,181,105,18,182,83,38,69,13,21,155,936,130,562,789,161,360,313,1515,81.5,33176
7361,2014,377,524,1485,47,0,5,16,2454,1257,1197,616,80,484,601,91.96,144,165,105,15,175,94,11,64,20,21,198,937,162,510,1262,173,340,299,1504,78.6,33176
7361,2015,289,493,1423,38,1,6,17,2267,1182,1085,608,43,427,461,92.18,126,138,106,13,183,89,8,82,14,23,124,267,105,199,740,183,300,280,1474,78.9,33176
7361,2016,257,433,1379,32,1,3,18,2123,1137,986,523,79,482,443,93.41,137,14,220,3,172,88,18,51,42,22,0,540,0,361,604,187,268,269,1385,83.7,33176
7361,2017,214,433,1344,34,1,3,16,2045,1136,909,535,57,469,414,93.26,124,124,103,7,145,60,16,30,18,22,0,702,0,398,571,170,267,233,1409,82.6,33176
7361,2018,179,382,1263,30,1,2,14,1871,1046,825,510,27,321,397,92.46,96,135,68,6,118,60,10,56,23,23,0,354,0,226,652,185,269,204,1412,84.3,33176
7361,2019,138,357,1072,21,0,0,11,1599,901,698,500,30,251,292,92.54,61,123,52,2,117,54,14,24,24,21,0,196,0,149,550,142,275,177,1144,88.3,33176
7361,2020,109,338,961,17,0,0,8,1433,828,605,413,25,264,258,92.5,61,100,65,4,73,42,26,24,30,23,0,162,0,126,492,131,261,137,1006,93.2,33176
7361,2021,90,261,895,9,0,0,13,1268,734,534,365,172,513,233,94.94,30,45,21,1,61,25,25,19,1,16,0,1,0,1,346,112,224,120,921,93.8,33176
7361,2022,80,267,796,10,0,0,17,1170,681,489,273,49,166,235,90.01,93,120,55,3,129,38,24,24,3,32,0,220,0,169,557,103,203,121,869,92.7,33176
7361,2023,69,210,717,13,0,0,15,1024,580,444,269,87,172,254,91.45,97,72,118,5,115,33,93,4,22,30,84,242,74,165,397,117,177,97,633,98.7,33176
7371,2012,313,461,1391,44,4,3,9,2225,1280,945,519,114,639,507,94.85,11,33,11,0,95,24,4,14,7,7,76,308,67,226,479,50,183,354,1347,89.8,33177
7371,2013,262,476,1389,33,4,7,8,2179,914,1265,484,84,551,514,94.18,13,77,8,0,84,23,2,10,10,10,47,282,44,222,577,51,182,311,1425,91.2,33177
7371,2014,229,461,1475,29,2,8,13,2217,963,1254,486,110,669,622,94.19,13,46,10,1,66,25,4,13,2,8,88,120,86,105,804,74,203,302,1607,91.5,33177
7371,2015,218,468,1575,30,2,6,11,2310,1034,1276,556,85,606,472,93.83,22,29,7,1,93,33,2,27,14,9,59,291,54,223,618,88,222,299,1621,90.7,33177
7371,2016,179,442,1627,31,1,5,13,2298,1020,1278,530,62,559,508,93.52,22,58,10,1,63,33,0,12,3,8,0,208,0,163,646,70,244,269,1738,94.8,33177
7371,2017,162,409,1578,37,1,6,14,2207,984,1223,534,47,520,482,93.22,6,21,4,0,48,26,1,12,7,6,0,192,0,159,625,72,236,274,1688,95.2,33177
7371,2018,146,406,1478,32,1,2,14,2079,918,1161,547,68,545,425,93.53,12,39,9,0,60,32,1,22,5,10,0,451,0,287,516,65,222,254,1721,95.5,33177
7371,2019,123,412,1453,26,2,6,23,2045,882,1163,496,79,567,434,94.46,17,29,3,2,58,31,4,9,9,7,0,412,0,246,452,54,228,237,1523,96.6,33177
7371,2020,101,406,1427,24,2,5,26,1991,818,1173,433,44,460,483,94.04,13,28,4,3,51,19,6,5,9,7,0,163,0,114,562,69,191,203,1494,98.6,33177
7371,2021,91,416,1395,25,2,4,30,1963,831,1132,460,343,1006,326,96.55,11,11,4,0,23,17,6,5,0,3,0,4,0,4,232,51,218,202,1533,97.4,33177
7371,2022,75,389,1402,22,2,6,28,1924,790,1134,477,47,304,485,91.46,15,45,8,1,77,21,24,4,10,10,0,127,0,102,564,52,236,217,1534,98.7,33177
7371,2023,68,400,1300,21,2,4,23,1818,775,1043,432,42,301,481,91.71,15,21,24,3,87,17,31,1,3,10,30,64,27,60,497,56,227,236,1133,99.1,33177
7371,2024,65,416,1234,22,4,7,14,1762,754,1008,376,55,281,457,92.03,18,34,17,2,59,24,32,1,6,9,34,70,32,63,451,59,235,238,1126,97.6,33177
7381,2012,3,1353,53,3,1,2,0,1415,649,766,319,31,397,305,93.47,55,161,138,5,130,76,63,40,61,36,176,32,135,29,393,67,177,80,1083,89.7,33169
7381,2013,4,1501,60,6,0,2,1,1574,852,722,348,28,282,278,90.13,70,123,144,4,159,69,126,6,53,34,557,200,350,180,667,74,190,84,1300,84.4,33169
7381,2014,9,1521,65,6,0,1,1,1603,855,748,374,58,493,367,93.08,66,131,163,8,132,70,168,9,15,36,511,150,302,133,605,79,212,83,1355,86.5,33169
7381,2015,13,1494,84,4,0,2,4,1601,859,742,336,22,300,304,90.2,58,138,116,13,128,93,177,18,16,36,319,96,199,92,672,81,198,101,1298,86.3,33169
7381,2016,11,1570,90,6,0,2,6,1685,933,752,408,92,494,352,94.88,68,127,157,7,108,77,218,15,33,33,0,12,0,12,339,69,189,110,1391,88.2,33169
7381,2017,15,1638,84,4,0,0,6,1747,949,798,359,48,545,385,94.55,80,146,150,8,118,64,124,13,19,28,0,0,0,0,465,57,205,127,1526,78,33169
7381,2018,10,1692,93,2,1,1,6,1805,945,860,474,39,433,345,92.09,70,99,136,5,114,76,67,8,31,30,0,0,0,0,581,62,211,147,1674,89.4,33169
7381,2019,8,1670,100,2,2,0,12,1794,923,871,463,46,408,363,92.39,79,142,107,10,131,79,49,20,22,27,0,7,0,7,624,69,196,129,1467,86.9,33169
7381,2020,9,1540,113,1,2,0,13,1678,874,804,455,22,288,279,89.9,72,120,84,9,134,68,21,14,12,25,0,0,0,0,633,73,172,125,1357,95.8,33169
7381,2021,9,1469,133,3,2,0,20,1636,859,777,398,58,269,289,84.57,49,106,92,10,118,104,19,18,4,24,0,0,0,0,1086,79,179,106,1447,94.1,33169
7381,2022,6,1416,111,3,1,0,16,1553,799,754,349,73,182,288,86.66,81,131,90,15,145,110,39,6,6,36,0,0,0,0,1021,68,186,97,1368,90.9,33169
7381,2023,11,1446,117,6,2,0,13,1595,797,798,372,101,233,313,88.34,111,141,133,11,123,114,28,5,3,29,83,51,74,48,975,68,198,103,1182,94.6,33169
7381,2024,10,1469,144,5,2,0,7,1638,800,838,394,100,230,292,87.22,152,193,134,21,154,121,23,8,27,32,144,17,118,16,1074,105,200,117,1145,94.7,33169
7391,2012,50,317,1066,25,0,1,3,1462,824,638,340,120,562,280,96.42,6,13,3,1,40,12,1,3,6,6,23,0,21,0,168,38,115,304,1096,93.9,33014
7391,2013,51,387,1016,30,0,0,4,1488,641,847,344,120,566,293,96.39,9,7,0,1,37,8,4,0,5,6,7,0,7,0,169,43,120,300,1132,94.9,33014
7391,2014,48,380,980,31,0,0,7,1446,613,833,360,146,577,372,95.94,10,13,4,0,42,12,1,2,1,6,12,0,12,0,344,54,118,268,1105,92.8,33014
7391,2015,39,390,917,28,0,0,10,1384,595,789,293,92,513,265,95.87,19,17,2,0,32,14,2,11,10,6,13,0,13,0,211,44,108,237,1096,96.3,33014
7391,2016,43,471,936,21,0,0,8,1479,619,860,356,97,525,309,95.6,20,21,0,0,30,16,0,9,7,6,0,0,0,0,188,38,108,235,1179,97.5,33014
7391,2017,43,418,890,16,1,0,6,1374,608,766,329,101,483,284,96.21,8,6,0,0,38,13,3,3,2,5,0,0,0,0,162,41,95,242,1108,97.6,33014
7391,2018,41,380,835,16,1,0,1,1274,594,680,318,101,440,275,96.29,6,10,2,1,23,11,0,6,2,6,0,0,0,0,131,31,78,244,1080,99.1,33014
7391,2019,37,340,809,15,1,0,1,1203,558,645,310,88,440,234,96.42,10,16,1,1,30,9,1,1,3,6,0,0,0,0,105,41,71,230,913,98.8,33014
7391,2020,24,305,757,12,1,0,4,1103,514,589,274,57,376,247,95.83,16,17,0,0,31,6,0,1,7,7,0,0,0,0,151,48,58,204,869,100,33014
7391,2021,25,319,726,13,0,0,4,1087,506,581,251,79,381,281,93.93,6,17,4,1,23,13,6,2,1,12,0,0,0,0,320,57,64,172,885,99.6,33014
7391,2022,22,344,679,14,0,0,4,1063,473,590,233,65,308,317,94.31,15,9,0,0,50,14,7,3,1,10,0,58,0,50,132,46,67,171,904,96.6,33014
7391,2023,21,321,643,16,0,0,3,1004,477,527,209,54,330,281,94.6,18,9,4,0,28,13,6,0,2,7,6,44,6,40,96,36,59,158,633,98.6,33014
7391,2024,22,353,642,19,0,0,2,1038,504,534,210,73,271,291,94.37,12,10,2,0,52,15,5,0,2,10,20,52,20,51,145,34,67,193,616,100,33014
7411,2012,4,1436,124,0,0,0,0,1564,889,675,377,36,251,234,91.22,20,160,68,10,207,61,12,93,82,35,460,370,317,277,635,36,184,103,1313,76.4,33150
7411,2013,3,1474,117,2,0,1,2,1599,707,892,364,22,285,269,90.64,38,197,72,18,209,67,30,12,55,35,637,915,366,518,653,37,192,121,1408,78.7,33150
7411,2014,6,1420,117,3,0,0,1,1547,695,852,386,26,275,341,91.94,27,137,76,6,200,53,42,6,10,35,374,236,250,196,879,44,186,132,1379,80.7,33150
7411,2015,7,1461,122,1,0,0,3,1594,711,883,346,23,261,290,92.55,36,202,56,5,164,68,21,14,45,35,391,195,253,170,700,48,184,133,1369,82.5,33150
7411,2016,5,1441,119,2,0,0,2,1569,683,886,371,23,238,301,92.58,32,145,61,1,217,63,21,14,53,34,0,8,0,8,606,45,176,145,1378,85.1,33150
7411,2017,6,1291,129,2,0,0,4,1432,599,833,341,15,160,270,90.41,48,147,72,6,134,50,18,15,40,31,0,0,0,0,660,56,146,119,1259,84.9,33150
7411,2018,5,1322,159,3,0,0,5,1494,587,907,392,22,240,230,90.23,25,146,46,8,136,57,9,17,28,36,0,0,0,0,603,81,173,123,1398,89.3,33150
7411,2019,6,1272,154,4,0,0,10,1446,561,885,387,39,243,233,93.23,35,157,55,6,242,41,10,7,55,32,0,0,0,0,513,57,180,112,1271,84.6,33150
7411,2020,7,1280,158,3,0,0,19,1467,570,897,302,18,217,203,90.83,39,123,66,12,170,38,21,6,37,32,0,0,0,0,716,64,170,134,1299,91.1,33150
7411,2021,7,1345,207,4,1,0,29,1593,611,982,375,85,323,222,85.34,42,18,160,13,193,47,22,9,4,27,0,0,0,0,973,74,200,151,1468,94.9,33150
7411,2022,8,1180,195,1,0,0,26,1410,553,857,323,90,131,251,84.33,79,34,267,7,302,65,85,4,49,45,0,0,0,0,1011,82,182,134,1301,92.8,33150
7411,2023,10,1168,211,3,0,1,26,1419,583,836,322,65,210,270,86.93,79,28,268,8,136,58,126,3,37,31,90,26,84,26,889,87,177,153,1077,96.4,33150
7411,2024,11,1148,245,2,0,3,11,1420,603,817,371,75,189,232,87.39,88,169,109,16,151,59,99,6,33,32,171,45,143,44,959,149,201,137,1023,96.3,33150
7431,2012,1069,486,1137,130,1,7,28,2858,1384,1474,733,104,722,674,94.24,128,109,58,19,125,67,33,35,34,14,272,388,215,299,653,65,296,747,823,86.5,33156
7431,2013,1015,471,1154,118,0,9,30,2797,1425,1372,715,45,566,728,93.86,122,95,57,18,96,59,24,20,15,12,112,198,90,150,780,74,296,716,890,84.5,33156
7431,2014,935,449,1162,123,0,4,23,2697,1390,1307,727,69,597,827,93.67,115,116,66,17,125,56,30,10,24,14,101,345,75,250,1186,56,323,693,982,90.1,33156
7431,2015,885,426,1147,117,0,4,25,2604,1325,1279,680,59,488,571,92.54,142,103,58,20,109,91,23,21,27,17,153,265,98,204,866,60,314,687,984,89.4,33156
7431,2016,804,432,1208,101,0,2,26,2573,1327,1246,645,58,544,548,92.85,137,108,66,10,123,92,20,31,17,15,0,358,0,247,779,83,296,680,1015,88.9,33156
7431,2017,765,428,1315,104,0,4,26,2642,1357,1285,643,61,540,621,92.92,125,124,58,13,113,79,12,26,22,14,0,280,0,219,797,85,299,683,1169,89.7,33156
7431,2018,774,422,1397,101,0,5,30,2729,1434,1295,668,39,521,631,92.16,110,109,43,17,111,110,11,39,40,15,0,303,0,230,905,94,296,745,1364,89.4,33156
7431,2019,735,403,1454,96,1,5,34,2728,1405,1323,641,60,558,642,93.13,92,81,43,16,105,68,17,28,12,13,0,283,0,221,824,79,289,791,1168,90.5,33156
7431,2020,714,381,1496,93,0,6,31,2721,1401,1320,662,63,607,610,92.98,100,91,34,16,88,45,14,16,14,11,0,157,0,127,805,73,299,802,1119,94.5,33156
7431,2021,696,384,1544,86,0,5,31,2746,1409,1337,734,90,671,628,89.58,46,47,32,8,45,49,55,24,4,15,0,64,0,56,1071,56,326,831,1229,94.2,33156
7431,2022,652,340,1600,68,1,4,32,2697,1341,1356,684,70,305,598,89.41,102,79,52,26,70,58,61,8,17,15,0,251,0,193,1048,62,307,863,1204,91.6,33156
7431,2023,613,331,1588,61,1,3,28,2625,1321,1304,619,104,400,678,91.27,101,81,51,15,65,69,83,8,16,13,69,167,55,141,876,84,305,820,913,96.3,33156
7431,2024,596,311,1661,55,1,3,31,2658,1334,1324,672,114,431,701,92.13,95,85,49,23,61,67,52,3,5,13,94,162,79,130,928,84,331,835,955,95.9,33156
7461,2012,73,72,2496,11,0,0,0,2652,1253,1399,619,63,632,536,93.37,145,159,140,12,230,106,35,51,42,24,92,740,77,528,837,574,281,133,2346,69.3,33135
7461,2013,68,82,2566,10,0,0,0,2726,1400,1326,624,55,588,619,92.6,174,158,169,2,157,95,47,114,33,24,191,1111,147,698,944,623,283,133,2480,68.7,33135
7461,2014,62,97,2610,7,0,0,0,2776,1480,1296,601,69,551,665,91.6,165,146,124,1,200,81,70,131,32,24,265,856,175,574,1369,618,306,151,2479,69.9,33135
7461,2015,61,119,2666,8,0,1,0,2855,1518,1337,663,72,581,554,91.7,183,149,110,5,194,116,37,85,53,24,145,709,98,504,1122,566,337,171,2550,70.5,33135
7461,2016,57,130,2686,9,0,1,3,2886,1551,1335,654,105,712,581,93.3,182,133,145,5,183,110,56,96,48,22,0,91,0,79,953,539,328,185,2575,76.2,33135
7461,2017,53,114,2708,13,0,1,3,2892,1511,1381,662,64,602,565,91.99,161,135,109,6,173,95,34,47,25,19,0,7,0,6,1001,573,328,203,2593,77.9,33135
7461,2018,57,133,2595,12,0,1,5,2803,1453,1350,703,79,576,564,92.23,108,142,79,6,246,85,42,22,28,21,0,8,0,8,1130,486,324,199,2568,88.4,33135
7461,2019,56,121,2567,11,0,0,2,2757,1394,1363,646,79,563,581,93.05,109,142,82,3,214,64,86,9,9,20,0,38,0,37,857,485,281,195,2409,90.6,33135
7461,2020,53,113,2597,12,0,0,3,2778,1355,1423,638,44,580,537,92.47,117,97,62,5,148,41,104,6,36,17,0,147,0,129,965,432,293,205,2354,96,33135
7461,2021,47,103,2542,11,0,0,6,2709,1315,1394,654,228,806,558,92.95,51,82,66,1,150,55,92,2,1,17,0,99,0,83,1072,369,288,198,2444,96.5,33135
7461,2022,42,83,2602,7,0,2,6,2742,1322,1420,646,91,476,600,90.49,179,99,119,9,233,80,51,2,12,22,0,377,0,271,1107,384,304,204,2431,94.4,33135
7461,2023,47,77,2725,4,0,2,7,2862,1418,1444,566,81,515,670,91.15,253,108,147,4,149,90,71,0,21,17,51,409,34,309,1111,532,312,198,2081,93.6,33135
7461,2024,44,91,2815,2,0,2,4,2958,1467,1491,646,102,515,656,91.24,207,106,133,6,173,84,31,7,15,17,63,551,43,429,1237,617,306,183,2207,97,33135
7511,2012,128,208,1493,12,0,0,1,1842,939,903,393,97,512,463,95.27,114,106,288,7,175,121,25,182,18,29,267,1313,169,575,371,325,168,121,1406,77.3,33166
7511,2013,115,223,1451,16,0,0,1,1806,898,908,402,77,449,455,94.79,114,103,191,4,170,82,22,100,16,26,97,1461,74,568,435,335,150,145,1467,77.6,33166
7511,2014,91,192,1408,14,1,0,3,1709,870,839,413,103,454,500,94.29,95,100,128,6,188,91,3,44,20,25,129,884,102,443,620,340,129,154,1396,77.3,33166
7511,2015,88,195,1366,15,0,1,3,1668,862,806,401,58,340,362,92.95,83,106,97,4,197,75,6,74,23,25,122,984,99,467,481,331,130,153,1380,77.7,33166
7511,2016,78,204,1319,11,0,1,3,1616,854,762,384,44,355,390,93.31,70,83,93,5,142,75,6,69,23,22,0,608,0,336,449,208,148,157,1348,79.1,33166
7511,2017,71,182,1324,8,0,1,2,1588,819,769,331,57,301,390,93.36,70,94,61,1,123,56,3,19,17,21,0,204,0,143,505,210,137,166,1322,79.7,33166
7511,2018,68,173,1326,9,0,2,2,1580,828,752,390,44,316,305,92.79,50,75,43,4,127,47,4,21,15,20,0,224,0,161,574,174,138,199,1357,84.5,33166
7511,2019,63,151,1226,2,0,0,3,1445,787,658,342,35,300,286,93.05,48,72,42,4,104,33,6,20,9,20,0,48,0,39,475,165,149,172,1164,85.5,33166
7511,2020,48,147,1121,2,0,0,3,1321,713,608,370,31,250,247,92.5,46,58,35,1,86,27,7,8,13,18,0,56,0,50,447,144,145,144,1030,91.3,33166
7511,2021,42,154,1020,3,0,0,3,1222,665,557,346,93,336,215,88.76,24,54,17,3,58,24,14,4,1,27,0,4,0,4,554,160,164,127,1020,89.9,33166
7511,2022,40,138,850,0,0,0,2,1030,565,465,283,46,118,225,88.83,63,67,41,3,99,31,12,9,35,27,0,4,0,4,519,130,138,104,878,89.1,33166
7511,2024,33,112,908,1,0,0,0,1054,555,499,229,34,158,240,90.18,85,89,77,1,101,46,35,9,11,27,96,10,84,10,364,222,131,92,677,95.8,33166
7531,2012,225,120,1922,43,0,0,7,2317,1110,1207,548,47,461,451,92.33,94,154,92,7,192,121,17,13,23,22,380,1347,237,672,809,206,284,262,1589,76.6,33183
7531,2013,203,93,1764,25,0,0,4,2089,1114,975,569,52,349,398,91.98,124,144,133,7,160,138,7,29,26,23,252,598,166,338,717,212,290,217,1489,83.4,33183
7531,2014,162,99,1598,22,0,0,5,1886,1022,864,541,49,341,404,91.18,132,109,122,5,119,124,11,16,59,26,157,375,112,242,1070,224,271,197,1423,79.6,33183
7531,2015,137,71,1514,15,0,0,4,1741,948,793,433,32,301,309,90.42,143,20,223,8,121,81,17,71,43,27,188,301,133,202,670,242,283,158,1332,78,33183
7531,2016,106,54,1385,12,0,0,1,1558,862,696,412,47,332,355,93.43,151,7,230,4,109,76,96,44,46,29,0,565,0,278,404,261,210,133,1239,82,33183
7531,2017,93,55,1280,11,0,0,5,1444,815,629,401,26,299,341,93.62,132,32,167,2,104,38,29,32,28,26,0,742,0,319,394,262,191,118,1168,81.3,33183
7531,2018,95,60,1235,9,0,0,4,1403,785,618,412,28,284,300,93,87,3,156,1,94,40,47,17,26,24,0,0,0,0,385,280,189,112,1189,84.5,33183
7531,2019,81,53,1106,11,0,0,5,1256,686,570,304,27,283,297,93.66,76,77,64,4,95,40,35,15,18,24,0,0,0,0,343,212,184,92,982,86.2,33183
7531,2020,75,41,1055,8,0,0,7,1186,652,534,314,23,253,275,93.11,54,63,35,4,66,29,29,14,16,20,0,0,0,0,326,181,184,80,883,92.4,33183
7531,2021,54,41,973,9,1,2,6,1086,596,490,276,95,410,243,93.42,26,41,14,8,54,29,43,15,4,16,0,0,0,0,317,139,174,72,853,92.8,33183
7531,2022,45,30,1011,7,1,1,5,1100,621,479,286,45,199,259,89.9,102,83,69,10,101,25,39,9,14,31,0,0,0,0,443,150,177,82,853,84.5,33183
7531,2023,52,23,997,7,1,1,5,1086,627,459,239,53,228,304,91.76,120,91,82,10,59,45,31,9,9,26,37,4,33,4,356,190,170,69,648,92.7,33183
7531,2024,41,20,996,7,1,1,2,1068,623,445,242,72,240,266,91.84,103,70,64,7,84,38,63,4,32,27,143,524,105,171,311,252,175,63,642,95.3,33183
7541,2012,71,1553,448,58,2,1,4,2137,1059,1078,498,85,522,352,92.05,85,108,98,6,144,69,14,11,71,21,469,933,290,543,700,288,214,282,1772,81.7,33162
7541,2013,63,1558,432,56,2,3,3,2117,1076,1041,546,64,518,357,91.95,100,103,95,5,119,55,21,3,40,21,703,1106,352,552,708,309,209,242,1784,76.3,33162
7541,2014,54,1472,379,48,1,5,5,1964,988,976,522,66,560,456,92.36,79,80,75,3,89,59,8,9,36,19,634,833,346,460,855,300,188,217,1585,76.8,33162
7541,2015,51,1354,351,45,1,3,6,1811,929,882,472,61,386,283,90.9,79,92,73,6,101,46,5,9,50,21,210,156,153,133,644,243,174,199,1536,80,33162
7541,2016,48,1231,344,38,0,5,7,1673,878,795,490,100,531,276,94.35,98,81,85,0,113,49,1,7,42,21,0,11,0,11,364,214,164,181,1445,78.7,33162
7541,2017,30,1109,346,34,1,4,8,1532,822,710,409,93,560,263,94.59,122,80,90,4,95,59,5,7,61,23,0,0,0,0,266,216,165,183,1360,80,33162
7541,2018,35,1122,332,29,1,3,4,1526,803,723,363,33,324,268,90.47,77,80,67,1,84,44,0,3,48,25,0,0,0,0,568,205,169,156,1399,88.9,33162
7541,2019,31,1030,339,25,1,3,8,1437,741,696,353,74,389,262,93.68,84,81,66,3,84,57,2,4,62,22,0,0,0,0,378,240,176,140,1265,86.2,33162
7541,2020,30,991,309,28,2,2,12,1374,718,656,349,37,269,263,90.33,71,60,64,8,71,51,1,12,37,23,0,0,0,0,472,234,185,118,1165,93.7,33162
7541,2021,27,914,301,27,1,1,12,1283,663,620,349,82,375,270,89.9,17,39,28,4,70,34,3,3,6,16,0,0,0,0,578,196,183,104,1158,96.7,33162
7541,2022,22,809,265,22,2,0,13,1133,601,532,292,78,252,243,89.33,103,86,80,2,77,35,15,3,51,31,0,0,0,0,612,164,163,80,1017,90.8,33162
7541,2023,22,798,290,18,3,0,10,1141,605,536,320,83,269,253,90.52,89,64,74,0,67,45,19,1,19,21,9,23,9,23,569,127,161,71,778,95.8,33162
7541,2024,13,776,270,23,2,0,7,1091,580,511,278,67,286,236,90.33,128,85,119,4,72,59,22,1,17,28,55,78,48,68,526,177,172,62,737,95.1,33162
7591,2012,26,2128,279,33,0,2,2,2470,1229,1241,527,143,792,469,93.99,177,173,151,5,340,97,11,20,99,32,383,145,265,133,619,564,205,161,2068,72.6,33161
7591,2013,15,2206,276,28,0,3,1,2529,1292,1237,586,100,791,456,94.18,133,152,110,8,247,94,19,18,68,28,244,231,187,195,576,581,241,161,2216,75.6,33161
7591,2014,23,2141,297,21,0,3,2,2487,1265,1222,590,151,978,592,94.61,141,126,101,6,196,56,15,10,18,22,137,41,112,40,771,627,227,168,2212,72.4,33161
7591,2015,26,2127,316,17,2,3,5,2496,1292,1204,627,94,698,474,93.78,137,145,121,10,259,94,11,10,152,30,147,115,120,110,620,609,232,160,2320,73.7,33161
7591,2016,29,2177,317,12,2,4,6,2547,1315,1232,605,71,681,522,93.33,192,153,174,7,255,101,10,15,97,27,1,116,1,102,703,603,235,154,2306,73.6,33161
7591,2017,28,2110,350,9,3,2,6,2508,1270,1238,639,63,622,517,92.57,222,151,160,10,220,95,5,10,145,26,0,7,0,7,726,572,217,141,2253,77.2,33161
7591,2018,33,2003,327,10,3,2,4,2382,1180,1202,581,65,589,473,92.5,143,157,115,4,231,89,17,11,127,30,0,42,0,40,735,543,198,158,2222,87,33161
7591,2019,34,1881,293,11,1,1,19,2240,1127,1113,607,58,498,429,92.69,127,120,94,4,259,59,11,6,74,25,0,0,0,0,687,498,193,145,1964,83.8,33161
7591,2020,25,1812,300,12,0,1,19,2169,1081,1088,576,41,394,320,90.7,136,87,120,6,146,59,11,0,76,22,0,5,0,5,881,504,194,127,1890,93.8,33161
7591,2021,25,1686,273,7,0,1,22,2014,1008,1006,510,93,414,319,83.67,63,101,71,13,211,62,15,3,22,20,0,0,0,0,1224,479,184,113,1856,94.5,33161
7591,2022,25,1462,242,7,0,0,19,1755,887,868,425,122,390,390,89.8,152,118,140,8,176,65,34,2,53,32,0,1,0,1,927,455,174,86,1594,85.9,33161
7591,2023,19,1448,244,7,0,0,10,1728,857,871,452,113,381,347,88.68,149,112,133,6,136,66,23,4,39,24,51,55,47,48,970,389,171,80,1280,92.6,33161
7591,2024,16,1440,270,3,0,0,4,1733,856,877,411,128,420,416,90.4,256,93,221,9,182,82,16,4,30,29,88,67,79,58,840,445,192,72,1218,94.8,33161
7601,2012,14,1066,271,6,0,0,1,1358,858,500,315,97,444,267,95.77,5,2,0,0,22,14,0,3,3,5,56,1,53,1,229,44,52,211,1151,96.5,33147
7601,2013,9,1147,258,6,0,2,1,1423,494,929,311,122,525,246,95.86,6,1,1,1,15,8,1,4,5,5,14,0,14,0,214,54,48,210,1243,95.3,33147
7601,2014,13,1201,280,4,0,3,2,1503,496,1007,272,113,599,374,95.56,5,6,1,0,30,10,0,0,5,5,3,0,3,0,411,55,38,232,1344,94.2,33147
7601,2015,12,1254,278,4,0,3,2,1553,521,1032,355,94,477,317,94.9,1,6,0,0,33,16,1,1,3,5,3,0,3,0,316,55,33,271,1312,94.2,33147
7601,2016,6,1186,259,5,0,3,2,1461,475,986,397,66,387,287,94.16,7,3,2,0,14,11,3,0,8,4,0,0,0,0,336,35,34,284,1318,95.8,33147
7601,2017,10,1234,245,6,0,1,2,1498,498,1000,363,72,427,301,94.16,14,5,5,0,52,19,0,1,5,6,0,0,0,0,328,22,40,306,1339,95,33147
7601,2018,7,1230,212,7,0,0,1,1457,488,969,342,34,346,350,93.64,13,5,5,0,33,10,2,3,10,9,0,0,0,0,416,33,42,299,1372,98,33147
7601,2019,5,1145,182,6,0,0,9,1347,418,929,276,18,334,318,93.66,9,5,1,0,48,14,0,4,13,7,0,1,0,1,379,45,38,264,1172,98.2,33147
7601,2020,6,1092,169,2,0,0,18,1287,418,869,335,25,279,262,92.37,14,7,1,1,41,18,3,2,10,6,0,0,0,0,392,50,43,220,1104,94.8,33147
7601,2021,5,1069,175,2,1,0,19,1271,419,852,291,89,459,256,91.64,16,1,5,1,45,20,4,8,1,16,0,0,0,0,480,25,40,196,1143,92.3,33147
7601,2022,8,1024,168,1,1,0,13,1215,426,789,290,48,215,269,90.68,29,11,6,0,61,20,3,5,16,13,0,1,0,1,625,0,38,171,1113,93.2,33147
7601,2023,5,996,164,2,1,0,7,1175,433,742,244,66,285,283,92.78,15,8,6,1,50,17,10,2,4,11,1,228,1,170,441,0,38,199,873,98,33147
7601,2024,4,1030,172,4,0,0,4,1214,474,740,249,43,259,305,92.33,10,5,1,0,44,14,8,0,1,7,16,364,16,246,503,0,45,234,890,96.8,33147
7641,2024,36,8,1085,6,0,0,4,1139,651,488,266,57,155,221,89.15,117,71,79,8,90,54,12,1,13,22,32,66,27,58,595,302,125,26,327,96.7,33178
7701,2012,480,690,2149,36,0,10,11,3376,1603,1773,680,69,674,694,92.51,109,234,214,8,248,245,15,73,23,25,585,394,407,315,1169,265,474,284,2549,71.5,33030
7701,2013,434,660,2125,34,0,8,10,3271,1706,1565,818,49,575,624,91.44,123,232,196,3,234,228,56,79,37,25,574,711,380,499,1206,218,478,239,2603,71.9,33030
7701,2014,397,673,2048,27,0,7,9,3161,1641,1520,764,56,607,747,91.05,124,226,166,10,217,205,29,104,35,24,723,740,439,519,1698,272,420,233,2596,71.7,33030
7701,2015,333,623,2023,21,0,9,8,3017,1548,1469,729,40,397,559,90.64,151,243,242,8,209,318,15,84,35,28,540,664,372,462,1285,284,403,221,2523,72.3,33030
7701,2016,298,606,2075,24,1,4,11,3019,1533,1486,718,46,427,612,91.67,192,189,213,11,184,281,83,59,30,27,0,0,0,0,1219,271,410,213,2541,77,33030
7701,2017,257,588,2144,24,1,4,13,3031,1559,1472,722,33,445,566,91.71,160,209,155,3,210,193,55,54,43,26,0,0,0,0,1209,352,409,161,2622,79.6,33030
7701,2018,220,563,2105,19,1,3,10,2921,1530,1391,683,45,482,542,92.13,106,187,141,7,167,169,109,57,21,26,0,46,0,43,1065,292,385,183,2637,88.7,33030
7701,2019,192,572,2144,15,1,1,16,2941,1561,1380,697,38,489,508,91.99,122,221,174,7,164,140,153,44,36,26,0,15,0,15,1148,273,372,140,2546,89.6,33030
7701,2020,173,563,2262,15,0,2,22,3037,1590,1447,697,51,498,508,90.8,120,152,144,12,152,138,141,49,56,23,0,85,0,82,1258,307,362,186,2589,92.8,33030
7701,2021,161,539,2234,10,0,2,26,2972,1557,1415,697,151,632,526,85.8,48,95,155,3,117,167,168,47,2,21,0,9,0,8,1800,260,369,185,2632,93.2,33030
7701,2022,150,509,2336,10,0,4,29,3038,1576,1462,630,105,360,518,87.31,155,146,196,18,164,110,230,61,13,28,0,746,0,513,1872,263,395,188,2695,92.9,33030
7701,2023,130,500,2421,11,1,0,22,3085,1614,1471,696,105,391,622,89.06,198,258,224,12,185,129,234,56,3,27,264,474,222,362,1821,347,394,206,2286,92,33030
7701,2024,111,494,2578,22,1,1,20,3227,1705,1522,695,130,510,681,90.26,198,281,198,10,187,97,235,17,26,26,284,426,227,352,1590,436,433,202,2304,97,33030
7721,2012,135,135,1884,11,0,0,0,2165,1043,1122,455,55,491,461,93.45,137,62,197,6,211,86,77,42,46,26,324,2196,207,814,628,412,294,193,1650,83.2,33155
7721,2013,121,119,1988,11,0,0,0,2239,1158,1081,508,47,454,484,92.79,144,92,177,6,118,64,129,15,25,22,100,967,87,495,764,473,321,159,1743,85.2,33155
7721,2014,116,127,2035,7,0,0,0,2285,1190,1095,498,58,498,602,92.92,133,141,101,4,149,86,56,15,44,21,104,199,81,167,1089,514,340,151,1788,86.2,33155
7721,2015,122,114,2027,6,0,1,2,2272,1184,1088,542,49,355,441,91.83,123,107,77,9,157,62,84,15,27,20,176,1428,136,650,905,467,321,136,1828,88.9,33155
7721,2016,109,112,1936,5,0,1,1,2164,1146,1018,583,50,374,451,92.44,155,96,113,7,160,53,101,14,26,22,0,2260,0,742,754,411,311,141,1766,85.2,33155
7721,2017,106,99,1950,7,0,1,0,2163,1144,1019,527,43,386,466,91.53,153,95,126,11,114,55,47,11,26,19,0,5,0,5,789,440,281,161,1808,86.4,33155
7721,2018,92,87,1887,7,0,1,2,2076,1108,968,523,35,314,443,91.12,114,102,73,7,118,64,49,11,47,19,0,0,0,0,776,371,259,170,1762,92.9,33155
7721,2019,90,79,1761,7,0,1,4,1942,1049,893,517,25,309,408,91.47,115,100,86,5,120,55,68,13,49,20,0,0,0,0,679,350,227,162,1531,93.3,33155
7721,2020,80,77,1527,6,0,1,5,1696,940,756,470,21,301,313,92.4,64,77,53,4,69,40,47,11,33,17,0,1,0,1,623,272,223,137,1349,93.3,33155
7721,2021,70,82,1421,5,0,0,8,1586,872,714,475,76,383,322,87.33,56,49,56,4,69,25,51,2,9,15,0,0,0,0,776,239,223,118,1301,97,33155
7721,2022,54,88,1289,8,0,0,8,1447,790,657,361,44,221,318,88.2,169,95,144,11,146,37,59,3,17,31,0,4,0,4,772,241,209,122,1152,84.5,33155
7721,2023,53,75,1395,6,0,0,10,1539,813,726,323,64,252,319,89.08,247,85,173,6,102,63,49,6,11,26,59,422,51,269,709,314,219,129,962,95,33155
7721,2024,46,54,1451,4,0,0,7,1562,837,725,339,58,252,342,89.49,178,84,137,7,123,61,30,5,13,22,123,209,91,159,702,404,223,128,948,94.4,33155
7731,2012,143,810,1038,28,2,13,5,2039,920,1119,455,32,370,389,92.66,137,298,223,8,263,107,207,95,78,38,346,380,250,284,818,188,393,100,1633,78.3,33157
7731,2013,150,830,1017,34,0,11,10,2052,1109,943,452,29,306,384,90.39,121,194,122,12,278,114,103,18,38,34,450,601,279,431,891,191,397,96,1685,76.3,33157
7731,2014,138,835,1077,20,0,10,10,2090,1121,969,518,10,271,398,88.53,108,226,104,10,262,105,60,13,42,31,715,503,429,375,1327,229,401,99,1806,82.8,33157
7731,2015,116,822,1084,18,1,7,12,2060,1101,959,505,10,189,311,87.28,137,252,130,11,237,87,55,31,85,35,571,615,392,425,1072,254,389,103,1701,77.6,33157
7731,2016,93,814,1028,12,2,8,11,1968,1068,900,427,29,378,399,92.09,155,258,164,11,238,116,120,54,69,38,0,31,0,31,724,256,366,90,1655,84.1,33157
7731,2017,72,757,1066,12,1,7,9,1924,1028,896,471,27,381,409,91.95,181,233,141,8,218,62,120,11,57,36,0,1,0,1,702,278,356,84,1656,82.8,33157
7731,2018,65,705,1099,9,2,7,9,1896,975,921,503,29,340,358,91.58,146,167,126,13,205,100,81,34,44,34,0,1,0,1,704,261,353,71,1716,88,33157
7731,2019,70,661,1044,14,1,3,14,1807,997,810,459,22,303,356,92.32,99,152,116,15,175,89,148,25,40,37,0,2,0,2,673,235,369,74,1509,87.8,33157
7731,2020,72,614,1097,24,1,2,24,1834,1028,806,416,31,355,363,92.85,102,159,118,9,129,60,134,16,48,31,0,0,0,0,646,227,372,81,1519,95.7,33157
7731,2021,65,632,1175,21,2,3,34,1932,1047,885,381,100,480,322,89.15,60,111,70,16,89,61,129,14,4,28,0,0,0,0,1136,236,385,80,1675,97.2,33157
7731,2022,64,581,1135,18,3,4,35,1840,1011,829,387,95,293,427,88.85,161,153,168,19,123,94,267,4,24,38,0,0,0,0,1112,230,368,85,1576,94.2,33157
7731,2023,75,588,1269,17,3,4,29,1985,1095,890,390,81,352,458,89.55,277,326,296,14,135,107,351,4,19,37,149,98,125,86,1148,317,365,99,1405,97.6,33157
7731,2024,56,668,1427,11,2,4,35,2203,1222,981,459,122,398,471,90.46,252,177,204,40,143,93,185,2,0,30,94,138,85,123,1095,455,387,96,1555,97.6,33157
7741,2012,173,32,2764,19,0,2,1,2991,1455,1536,649,174,1113,626,95.89,130,124,89,8,118,53,37,62,14,15,250,788,189,414,469,441,455,353,2265,80.6,33165
7741,2013,177,32,2871,15,0,2,1,3098,1607,1491,754,138,1098,634,95.46,157,119,129,14,143,60,35,38,15,16,144,965,115,458,556,465,486,358,2434,81.7,33165
7741,2014,175,37,2899,15,1,4,2,3133,1643,1490,757,137,1257,865,95.01,141,138,102,10,129,77,11,62,23,16,165,1084,122,476,854,475,482,350,2542,79.3,33165
7741,2015,156,43,2841,15,1,3,2,3061,1621,1440,785,103,728,714,93.92,163,146,103,11,129,93,65,52,26,17,148,966,126,423,762,399,463,318,2377,82,33165
7741,2016,131,30,2767,13,1,3,0,2945,1573,1372,765,74,641,660,93.52,151,95,116,6,109,56,63,37,27,15,0,593,0,299,839,380,410,285,2340,86.6,33165
7741,2017,123,29,2633,13,1,3,2,2804,1478,1326,766,50,544,648,93.14,123,97,92,4,120,40,48,37,18,15,0,808,0,361,817,408,368,271,2258,89.9,33165
7741,2018,111,28,2420,8,0,1,3,2571,1349,1222,680,53,402,585,92.26,68,94,52,13,118,45,74,23,10,16,0,0,0,0,863,407,352,282,2164,93.2,33165
7741,2019,101,32,2285,8,0,0,3,2429,1307,1122,636,44,383,497,91.72,62,111,54,6,110,44,93,24,1,16,0,1,0,1,874,321,367,267,1925,95.9,33165
7741,2020,99,24,2255,11,0,0,3,2392,1289,1103,557,51,428,437,91.81,71,100,40,21,93,46,77,20,7,15,0,0,0,0,907,294,390,288,1819,97.3,33165
7741,2021,85,26,2185,11,0,1,4,2312,1250,1062,582,201,889,451,93.17,44,65,49,13,76,30,163,15,2,15,0,0,0,0,821,203,425,276,1822,96.6,33165
7741,2022,79,16,2163,10,0,0,4,2272,1222,1050,503,115,575,579,92.66,129,106,108,9,133,37,119,4,3,22,0,1,0,1,690,202,396,276,1775,94.6,33165
7741,2023,76,20,2325,11,0,0,4,2436,1312,1124,552,106,587,694,93.01,214,112,158,2,100,55,92,5,5,18,115,1,101,1,665,320,418,272,1514,98.4,33165
7741,2024,80,21,2390,14,0,1,3,2509,1347,1162,584,107,634,693,93.54,165,118,108,8,120,58,92,3,1,17,84,2,80,2,640,404,450,286,1684,98.4,33165
7751,2012,140,250,1552,21,0,0,2,1965,915,1050,424,69,427,439,93.34,54,141,30,4,216,51,15,25,22,22,367,582,232,366,597,149,238,144,1282,73.7,33018
7751,2013,134,175,1454,21,0,0,3,1787,967,820,468,42,376,399,93.22,71,92,48,3,113,38,28,40,15,20,164,496,115,296,537,131,216,121,1233,75,33018
7751,2014,118,122,1381,19,0,1,3,1644,899,745,381,60,372,428,92.93,68,84,45,1,115,49,10,26,5,19,194,339,124,217,761,140,199,119,1141,71.9,33018
7751,2015,107,118,1371,23,1,0,3,1623,876,747,483,51,306,316,92.32,61,94,54,8,95,37,9,28,32,20,177,319,129,217,495,154,186,122,1067,83.2,33018
7751,2016,102,130,1376,19,1,0,5,1633,840,793,356,51,400,348,93.37,81,64,69,2,118,38,10,18,25,19,0,414,0,252,466,168,188,102,1126,83.6,33018
7751,2017,90,149,1509,24,0,1,7,1780,886,894,394,52,399,415,93.37,70,95,44,2,121,32,9,7,6,16,0,327,0,222,534,131,200,116,1248,85.9,33018
7751,2018,83,157,1712,27,1,1,8,1989,980,1009,399,52,486,451,93.06,78,108,37,3,118,59,7,16,21,18,0,400,0,263,603,140,212,140,1533,89.2,33018
7751,2019,77,169,1864,24,0,1,8,2143,1087,1056,467,54,475,516,93.62,61,67,49,5,104,40,6,13,13,14,0,363,0,224,630,156,205,26,1511,94.6,33018
7751,2020,78,226,1972,21,0,1,18,2316,1170,1146,475,70,597,561,94.25,14,64,9,0,71,37,10,13,0,10,0,57,0,51,609,118,214,20,1552,96.2,33018
7751,2021,79,313,2255,21,0,0,22,2690,1309,1381,498,68,637,689,91.08,8,13,3,1,62,33,19,6,0,5,0,21,0,21,1106,106,248,20,1908,96.7,33018
7751,2022,84,309,2196,24,0,0,22,2635,1276,1359,529,66,339,549,90.23,20,41,12,5,79,35,11,2,10,9,0,0,0,0,1077,33,242,40,1949,97.7,33018
7751,2023,73,384,2334,26,1,0,22,2840,1370,1470,622,69,419,686,90.82,39,60,36,1,76,44,18,4,2,9,52,22,50,21,1048,66,270,48,1796,99,33018
7751,2024,74,374,2507,28,1,0,14,2998,1438,1560,725,56,309,604,89.29,46,49,15,4,135,49,16,3,6,9,66,33,63,33,1271,106,300,25,1862,99.6,33018
7781,2012,312,174,2467,63,1,1,10,3028,1507,1521,662,84,705,742,94.07,136,108,140,13,92,144,36,21,41,19,341,945,246,570,796,269,331,320,1999,83.1,33196
7781,2013,296,150,2605,54,1,3,11,3120,1610,1510,668,91,698,724,93.85,121,144,106,3,104,138,29,2,42,15,199,898,158,587,909,281,356,340,2189,82.6,33196
7781,2014,285,135,2638,58,0,3,11,3130,1649,1481,725,99,688,889,93.48,136,113,103,8,134,120,42,10,33,16,265,1064,201,636,1423,262,338,362,2253,84.8,33196
7781,2015,271,103,2584,50,1,2,15,3026,1574,1452,835,94,591,610,93.35,126,122,91,7,116,130,11,82,20,17,173,986,133,517,870,272,335,359,2207,83.9,33196
7781,2016,236,91,2500,49,1,1,22,2900,1539,1361,824,92,587,624,93.06,189,136,107,7,103,82,20,28,29,18,0,579,0,337,846,270,335,331,2110,85.7,33196
7781,2017,209,68,2410,39,2,0,23,2751,1438,1313,757,62,528,563,92.61,187,94,119,3,100,103,28,35,46,18,0,804,0,470,872,310,326,307,2005,84,33196
7781,2018,160,73,2300,35,1,0,17,2586,1372,1214,696,64,462,538,92.96,134,132,103,10,102,90,57,17,32,19,0,645,0,386,838,327,325,280,2024,94.5,33196
7781,2019,135,58,2139,33,1,0,15,2381,1278,1103,645,66,392,477,92.58,106,120,66,12,88,65,104,10,36,19,0,853,0,451,789,251,323,247,1681,95.8,33196
7781,2020,108,55,1983,30,2,0,8,2186,1169,1017,601,48,404,449,92.96,92,94,59,4,53,48,53,10,21,15,0,335,0,238,693,221,327,224,1498,97.1,33196
7781,2021,77,51,1917,22,3,0,6,2076,1139,937,573,336,858,376,95.03,40,64,33,7,37,30,53,6,5,15,0,91,0,63,482,162,336,205,1523,96.8,33196
7781,2022,80,49,1857,26,3,0,5,2020,1077,943,537,60,295,439,90.18,156,107,109,5,68,63,62,3,19,21,0,449,0,263,812,183,336,204,1464,97.3,33196
7781,2023,84,45,1900,30,3,1,5,2068,1101,967,514,41,273,482,89.87,185,102,124,7,90,71,123,0,1,20,62,556,54,376,1010,237,343,204,1061,98.3,33196
7781,2024,80,46,1846,22,3,0,5,2002,1097,905,525,72,329,456,91.41,139,127,110,11,65,73,100,1,0,21,118,806,102,479,879,260,349,184,1146,100,33196
7791,2022,16,323,662,0,0,0,13,1014,567,447,203,66,173,200,87.26,216,118,163,4,165,56,92,1,42,50,0,6,0,6,618,304,186,26,814,92.8,33136
7791,2023,12,340,704,0,0,0,3,1059,621,438,210,70,170,193,87.04,194,124,158,4,155,76,75,1,41,41,139,42,119,40,609,344,191,37,633,87.1,33136
7791,2024,8,331,681,0,0,0,1,1021,572,449,215,80,119,188,86.29,151,125,120,1,138,94,38,8,32,37,104,21,94,19,636,307,185,32,605,98.9,33136